pdb,output
01_KAF5559671.1.pdb,predict affinity: 11.546892166137695
02_KAJ0136423.1.pdb,predict affinity: 11.627114295959473
03_ACN30541.pdb,predict affinity: 11.623479843139648
04_VTT60639.1.pdb,predict affinity: 11.591064453125
05_WRK13952.pdb,predict affinity: 11.546268463134766
06_KAF4454825,predict affinity: 11.654538154602
07_KAH6960192.pdb,predict affinity: 11.414339065551758
08_XP_037205683.pdb,predict affinity: 11.660906791687012
09_EXA30272.pdb,predict affinity: 11.538748741149902
10_AHX83365.pdb,predict affinity: 11.31151294708252
11_XAX95843.pdb,predict affinity: 11.413839340209961
12_XP_070060770.pdb,predict affinity: 11.664429664611816
13_XP_049127115.pdb,predict affinity: 11.620264053344727
14_GKT57984.pdb,predict affinity: 11.557260513305664
15_XP_036581719.pdb,predict affinity: 11.475472450256348
16_KAI9147131.pdb,predict affinity: 11.416064262390137
17_KUL82157.pdb,predict affinity: 11.59782600402832
18_GAM42602.pdb,predict affinity: 11.740599632263184
19_XP_056471677.pdb,predict affinity: 11.865438461303711
20_XP_045962116.pdb,predict affinity: 11.744885444641113
21_XP_056544913.pdb,predict affinity: 11.895170211791992
22_KAJ6066298.pdb,predict affinity: 11.840529441833496
23_XP_056931849.pdb,predict affinity: 11.861183166503906
24_XP_057099901.pdb,predict affinity: 11.90212631225586
25_XP_058366676.pdb,predict affinity: 11.847872734069824
26_KAH8196296.pdb,predict affinity: 11.79858684539795
27_XP_00783356.pdb,predict affinity: 11.851351737976074
28_XP_020121589.pdb,predict affinity: 11.67382526397705
29_XP_04071862.pdb,predict affinity: 11.759108543395996
30_CAG842345.pdb,predict affinity: 11.883417129516602
31_KAJ0163345.pdb,predict affinity: 11.486943244934082
32_CAN8105414.pdb,predict affinity: 11.585619926452637
33_XP_049138661.pdb,predict affinity: 11.548125267028809
34_KIN03278.pdb,predict affinity: 11.592742919921875
35_KAI8631654.pdb,predict affinity: 11.874032020568848
36_KAJ9148486.pdb,predict affinity: 11.852824211120605
37_KAK9777436.pdb,predict affinity: 11.884763717651367
38_XP_049132146.pdb,predict affinity: 11.430182456970215
39_KAI1326209.pdb,predict affinity: 11.819663047790527
40_OKP13014.pdb,predict affinity: 11.800201416015625
41_XP_035328115.pdb,predict affinity: 11.528154373168945
42_KAK6210753.pdb,predict affinity: 11.879005432128906
43_KZL82936.pdb,predict affinity: 11.558669090270996
44_XP_060305148.pdb,predict affinity: 11.562636375427246
45_KAM0167371.pdb,predict affinity: 11.81856632232666
46_CAD62160.pdb,predict affinity: 11.639263153076172
47_KAH8891203.pdb,predict affinity: 11.693666458129883
48_XP_056818447.pdb,predict affinity: 11.821882247924805
49_GJC96178.pdb,predict affinity: 11.450356483459473
50_KFY77649.pdb,predict affinity: 11.599919319152832
